SR NO,UID,PLAYER NAME,JOIN DATE,METHOD,RANK,STATUS,DEAFULT SCYN,REASON,LEAVE DATE,KICKED SCORE,KICKED STATUS,LAST TOTAL POINTS,CURRENT TOTAL POINTS,THIS WEEK WAR TOTAL POINTS,LAST WEEK WAR TOTAL POINTS,POINTS,WAR POINTS,REQUEST FOR TEMPORARY BREAK,CHANGE NAME,GUILDMATES FRIEND,TOTAL DAYS,MIN POINTS,POINTS LIMIT
1,561857748,EVIL YT,Dec-12-2023,CREATOR,CO-LEADER,IN GUILD,FF,,,0,STAY IN GUILD AND COMPLATE YOUR POINTS GOOD LUCK,500000,500000,2298,2298,O,0,NO,NO,YES,460,18400,10000
2,2938763969,ᴍᴏᴏɴ_ʏᴛ࿐,Dec-12-2023,CREATOR,LEADER,IN GUILD,FF,,,0,STAY IN GUILD AND COMPLATE YOUR POINTS GOOD LUCK,5068,5068,,,O,0,NO,NO,YES,460,18400,10000
3,1128391563,NOOB BHAI,Dec-12-2023,INVITE BY EVIL YT,OFFICER,IN GUILD,FF,,,0,STAY IN GUILD AND COMPLATE YOUR POINTS GOOD LUCK,153774,153774,1015,1015,O,0,NO,NO,YES,460,18400,10010
4,1168073043,ABPATEL,Jan-1-2024,INVITE BY EVIL YT,HELPER,IN GUILD,FF,,,0,STAY IN GUILD AND COMPLATE YOUR POINTS GOOD LUCK,124810,124810,174,174,O,0,NO,,,440,17600,10000
5,1753245321,MISS JERRY,Jan-1-2024,INVITE BY EVIL YT,HELPER,IN GUILD,FF,,,0,STAY IN GUILD AND COMPLATE YOUR POINTS GOOD LUCK,23750,23750,593,593,O,0,NO,,,440,17600,10000
6,4644178265,NS ROCKEY,Jan-1-2024,RECOMMENDED,MEMBER,KICKED,FF,LOW POINT 2 DAY OFFLINE,May-21-2024,1,YOU CAN JOIN TODAY,3957,3957,23,23,O,0,NO,,,141,5640,10000
7,978039264,NOOB DADA 01,Apr-27-2024,INVITE BY EVIL YT,HELPER,KICKED,FF,30DAY OFFLINE,Nov-10-2024,0,STAY IN GUILD AND COMPLATE YOUR POINTS GOOD LUCK,7342,7342,83,83,O,0,NO,NO,,197,7880,10000
8,2710126584,CHINTAN%,Jan-1-2024,RECOMMENDED,MEMBER,KICKED,FF,LEFT THE GUILD,Jun-8-2024,1,YOU CAN JOIN TODAY,12740,12740,298,298,O,0,NO,NO,YES,159,6360,10000
9,5202001990,AK RAISTAR,Jan-1-2024,RECOMMENDED,MEMBER,KICKED,FF,LEFT THE GUILD,Apr-15-2024,1,YOU CAN JOIN TODAY,6224,6224,0,0,O,0,NO,,,105,4200,10000
10,611689141,ATOMIC AKSH,Jan-1-2024,RECOMMENDED,MEMBER,KICKED,FF,LOW POINT,Apr-15-2024,1,YOU CAN JOIN TODAY,3160,3160,0,0,O,0,NO,,,105,4200,10000
11,682695566,SHIVAM,Jan-1-2024,RECOMMENDED,MEMBER,KICKED,FF,LOW POINT,Apr-15-2024,1,YOU CAN JOIN TODAY,0,0,0,0,O,0,NO,,,105,4200,10000
12,803667876,ARYAN202013F,Dec-7-2024,INVITE BY RADHA YT,HELPER,IN GUILD,FF,test,Mar-30-2025,-10,Average player,2170,2170,0,,O,0,NO,NO,YES,99,3960,20000
13,1063372994,MR PRATIK,Jan-1-2024,RECOMMENDED,MEMBER,KICKED,FF,LOW POINT 5 DAY OFFLINE,Apr-22-2024,1,YOU CAN JOIN TODAY,1230,1230,0,0,O,0,NO,,,112,4480,10000
14,1202990998,CALL ME B2K,Jan-1-2024,RECOMMENDED,MEMBER,KICKED,FF,LOW POINT AND OFFLINE,Apr-15-2024,1,YOU CAN JOIN TODAY,280,280,0,0,O,0,NO,,,105,4200,10000
15,1295892781,ARHAN LALA,Jan-1-2024,RECOMMENDED,HELPER,KICKED,FF,KICK BY RADHA YT,Nov-10-2024,0,STAY IN GUILD AND COMPLATE YOUR POINTS GOOD LUCK,7902,7902,5,5,O,0,NO,,,314,12560,10000
16,1485453773,AKHIL 29,Jan-1-2024,RECOMMENDED,MEMBER,KICKED,FF,4 DAY OFFLINE,Sep-20-2024,1,YOU CAN JOIN TODAY,984,984,0,0,O,0,NO,,,263,10520,10000
17,1551116738,VISHNU129181,Jan-1-2024,RECOMMENDED,MEMBER,KICKED,FF,LOW POINT 1 DAY OFFLINE,Apr-11-2024,1,YOU CAN JOIN TODAY,240,240,0,0,O,0,NO,,,101,4040,10000
18,1706141057,NOBITA FF,Jan-1-2024,RECOMMENDED,MEMBER,KICKED,FF,LEFT THE GUILD,Aug-15-2024,6,WARNING YOU HAVE TO NEED IMPROVEMENT,56308,56308,1911,1911,O,0,NO,NO,YES,227,9080,10000
19,1710216026,NG NOOB,Jan-1-2024,RECOMMENDED,HELPER,KICKED,FF,KICKED BY EVIL YT,Nov-10-2024,0,STAY IN GUILD AND COMPLATE YOUR POINTS GOOD LUCK,4164,4164,287,287,O,0,NO,,,314,12560,10000
20,1866347448,BABLU,Jan-1-2024,RECOMMENDED,MEMBER,KICKED,FF,LOW POINT 1 DAY OFFLINE,Apr-22-2024,1,YOU CAN JOIN TODAY,2000,2000,0,0,O,0,NO,,,112,4480,10000
21,1901186450,DEMON AG,Jan-1-2024,RECOMMENDED,MEMBER,KICKED,FF,LOW POINT AND OFFLINE MORE THAN 2 DAY'S,Apr-15-2024,1,YOU CAN JOIN TODAY,880,880,0,0,O,0,NO,,,105,4200,10000
22,1942245089,MASUM YT,Jan-1-2024,RECOMMENDED,MEMBER,KICKED,FF,LOW POINT,May-27-2024,1,YOU CAN JOIN TODAY,3610,3610,0,0,O,0,NO,,,147,5880,10000
23,2241646070,OBAIDUL KHAN,Jan-1-2024,RECOMMENDED,MEMBER,KICKED,FF,LOW POINT,Apr-15-2024,1,YOU CAN JOIN TODAY,260,260,0,0,O,0,NO,,,105,4200,10000
24,2520657212,OP KING,Jan-1-2024,RECOMMENDED,MEMBER,KICKED,FF,LOW POINT,Apr-15-2024,1,YOU CAN JOIN TODAY,830,830,0,0,O,0,NO,,,105,4200,10000
25,2528639744,MR VINU,Jan-1-2024,RECOMMENDED,MEMBER,KICKED,FF,BY MISTAKE,Apr-29-2024,2,YOU CAN JOIN JOIN AFTER 1 HR,3269,3269,0,0,O,0,NO,,,119,4760,10000
26,2613323750,AKASH,May-27-2024,RECOMMENDED,MEMBER,KICKED,FF,KICKED BY RADHA YT,Nov-10-2024,10,YOU ARE BAN FROM GUILD,11450,11450,0,0,O,0,NO,,,167,6680,10000
27,2658546125,SATII,Jan-1-2024,RECOMMENDED,MEMBER,KICKED,FF,LOW POINT,Apr-15-2024,1,YOU CAN JOIN TODAY,710,710,0,0,O,0,NO,,,105,4200,10000
28,2759396291,ALTAF 93,Jan-1-2024,RECOMMENDED,MEMBER,KICKED,FF,LEFT THE GUILD,Aug-20-2024,1,YOU CAN JOIN TODAY,930,930,0,0,O,0,NO,,,232,9280,10000
29,2788784531,NOOBBHAI 007,Jan-1-2024,RECOMMENDED,HELPER,KICKED,FF,KICKED BY EVIL YT,Nov-10-2024,0,STAY IN GUILD AND COMPLATE YOUR POINTS GOOD LUCK,108,108,14,14,O,0,NO,,,314,12560,10000
30,3736170764,ANU,Apr-18-2024,INVITE BY NS ROCKEY,MEMBER,KICKED,FF,LOW POINT,Apr-29-2024,2,YOU CAN JOIN JOIN AFTER 1 HR,140,140,0,0,O,0,NO,,,11,440,10000
31,4149681235,heart ❤️,Jan-1-2024,RECOMMENDED,MEMBER,KICKED,FF,NOT GIVING RESPECT TO LEADER,Jun-13-2024,9,YOU HAVE LAST CHANCE,9095,9095,60,60,O,0,NO,,,164,6560,10000
32,4215128594,CHERRY FF,Jan-1-2024,RECOMMENDED,MEMBER,KICKED,FF,LEFT THE GUILD,Apr-11-2024,1,YOU CAN JOIN TODAY,1109,1109,0,0,O,0,NO,,,101,4040,10000
33,5648320590,IND BOSS 99,Apr-26-2024,RECOMMENDED,MEMBER,KICKED,FF,0 POINTS 6 DAY OFLINE RULE BREAK,May-17-2024,7,YOU HAVE ONLY 3 CHANCE TO IMPROVEMENT,430,430,0,0,O,0,NO,,,21,840,10000
34,6169480016,MIS ANGAL YT,Jan-1-2024,RECOMMENDED,MEMBER,KICKED,FF,LOW POINT,Apr-22-2024,1,YOU CAN JOIN TODAY,490,490,0,0,O,0,NO,,,112,4480,10000
35,6291401400,DD RAJENDRA,Jan-1-2024,RECOMMENDED,MEMBER,KICKED,FF,LOW POINT,Jul-15-2024,1,YOU CAN JOIN TODAY,11467,11467,104,104,O,0,NO,,,196,7840,10000
36,6671315786,LIPUNBRO5864,Jan-1-2024,RECOMMENDED,MEMBER,KICKED,FF,4 DAY OFLINE LOW POINTS,Apr-16-2024,1,YOU CAN JOIN TODAY,2831,2831,0,0,O,0,NO,,,106,4240,10000
37,7506839262,SOKEN ANSR,Jan-1-2024,RECOMMENDED,MEMBER,KICKED,FF,2 DAY OFFLINE LOW POINT,Apr-16-2024,1,YOU CAN JOIN TODAY,920,920,0,0,O,0,NO,,,106,4240,10000
38,7637336549,KING4RO5,Jan-1-2024,RECOMMENDED,MEMBER,KICKED,FF,LEFT THE GUILD,Apr-15-2024,1,YOU CAN JOIN TODAY,2608,2608,0,0,O,0,NO,,,105,4200,10000
39,7793552475,OPKINGDJOM,Jan-1-2024,RECOMMENDED,MEMBER,KICKED,FF,LEFT THE GUILD,Apr-29-2024,1,YOU CAN JOIN TODAY,7762,7762,0,0,O,0,NO,,,119,4760,10000
40,8038422674,IFGTOSEEB,Jan-1-2024,RECOMMENDED,MEMBER,KICKED,FF,LOW POINT AND 2 DAY OFFLINE,Apr-15-2024,1,YOU CAN JOIN TODAY,420,420,0,0,O,0,NO,,,105,4200,10000
41,8457779887,LADI MACHHLI,Jan-1-2024,RECOMMENDED,MEMBER,KICKED,FF,LOW POINT,Apr-16-2024,1,YOU CAN JOIN TODAY,730,730,0,0,O,0,NO,,,106,4240,10000
42,8658303389,SHONA ❤️,Jan-1-2024,INVITE BY EVIL YT,HELPER,IN GUILD,FF,,,0,STAY IN GUILD AND COMPLATE YOUR POINTS GOOD LUCK,4490,4490,96,96,O,0,NO,NO,YES,440,17600,10000
43,1810590006,XI DOGLE,Apr-5-2024,RECOMMENDED,MEMBER,KICKED,FF,LOW POINT,Apr-29-2024,1,YOU CAN JOIN TODAY,830,830,0,0,O,0,NO,,,24,960,10000
44,8688085408,PAGAL M10,Apr-5-2024,RECOMMENDED,MEMBER,KICKED,FF,2 DAY OFFLINE LOW POINT,Apr-16-2024,1,YOU CAN JOIN TODAY,662,662,0,0,O,0,NO,,,11,440,10000
45,4128128409,PSD❤️KORA,Apr-5-2024,RECOMMENDED,MEMBER,KICKED,FF,LOW POINT,Jun-17-2024,1,YOU CAN JOIN TODAY,3726,3726,10,10,O,0,NO,,,73,2920,10000
46,8190951034,N01011D8A51F,Apr-6-2024,RECOMMENDED,MEMBER,KICKED,FF,LEFT THE GUILD,Apr-10-2024,1,YOU CAN JOIN TODAY,180,180,0,0,O,0,NO,,,4,160,10000
47,3786059790,PANIDRA44200,Apr-7-2024,INVITE BY KING4R105,MEMBER,KICKED,FF,LEFT THE GUILD,Apr-14-2024,1,YOU CAN JOIN TODAY,1817,1817,0,0,O,0,NO,,,7,280,10000
48,4121611536,TS ARJUN,Apr-8-2024,RECOMMENDED,MEMBER,KICKED,FF,LOW POINTS 2 DAY OFFLINE,Apr-11-2024,1,YOU CAN JOIN TODAY,40,40,0,0,O,0,NO,,,3,120,10000
49,1622784378,NG HACTOR,Apr-8-2024,INVITE BY NOBITA FF,MEMBER,KICKED,FF,LEFT THE GUILD,Apr-20-2024,1,YOU CAN JOIN TODAY,1306,1306,0,0,O,0,NO,,,12,480,10000
50,2485976476,DMN BADSHA,Jul-16-2024,RECOMMENDED,MEMBER,KICKED,FF,LOW POINT,Nov-10-2024,2,YOU CAN JOIN JOIN AFTER 1 HR,716,716,44,44,O,0,NO,NO,YES,117,4680,10000
51,6634466196,CSWPAPA65,Apr-23-2024,RECOMMENDED,MEMBER,KICKED,FF,LEFT THE GUILD,May-18-2024,10,YOU ARE BAN FROM GUILD,490,490,0,0,O,0,NO,,,25,1000,10000
52,1053587778,PRANEETH 16,Apr-11-2024,INVITE BY NS ROCKEY,MEMBER,KICKED,FF,LEFT THE GUILD,Apr-12-2024,1,YOU CAN JOIN TODAY,,,0,0,O,0,NO,,,1,40,10000
53,2468450435,PLAYER NAME NOT READABLE,Apr-17-2024,INVITE BY NS ROCKEY,MEMBER,KICKED,FF,LOW POINT,Apr-29-2024,2,YOU CAN JOIN JOIN AFTER 1 HR,382,382,0,0,O,0,NO,,,12,480,10000
54,6533508159,Devanshu,Apr-11-2024,RECOMMENDED,MEMBER,KICKED,FF,LEFT THE GUILD,Apr-13-2024,1,YOU CAN JOIN TODAY,50,50,0,0,O,0,NO,,,2,80,10000
55,4850543942,RAOWAFAQ2801W,Apr-11-2024,RECOMMENDED,MEMBER,KICKED,FF,LOW POINT 2 DAY OFFLINE,May-13-2024,2,YOU CAN JOIN JOIN AFTER 1 HR,1020,1020,0,0,O,0,NO,,,32,1280,10000
56,3549216345,S DEEPAK,Apr-12-2024,RECOMMENDED,MEMBER,KICKED,FF,LOW POINT,Apr-22-2024,1,YOU CAN JOIN TODAY,270,270,0,0,O,0,NO,,,10,400,10000
57,4336789975,$SWAMI YT,Apr-12-2024,INVITE BY NS ROCKEY,MEMBER,KICKED,FF,2 DAY OFFLINE LOW POINT,Apr-16-2024,1,YOU CAN JOIN TODAY,10,10,0,0,O,0,NO,,,4,160,10000
58,3201769217,DM DANGER,Apr-16-2024,GUILD PROMOTION,MEMBER,KICKED,FF,LOW POINT,Apr-29-2024,1,YOU CAN JOIN TODAY,160,160,0,0,O,0,NO,,,13,520,10000
59,1890963600,SK CHOTU,Apr-16-2024,GUILD PROMOTION,MEMBER,KICKED,FF,LOW POINT,Apr-29-2024,1,YOU CAN JOIN TODAY,40,40,0,0,O,0,NO,,,13,520,10000
60,2859178260,RISAV 99FF,Apr-16-2024,RECOMMENDED,MEMBER,KICKED,FF,LEFT THE GUILD,Apr-19-2024,1,YOU CAN JOIN TODAY,60,60,0,0,O,0,NO,,,3,120,10000
61,1682625893,SCARY DAD,Apr-16-2024,RECOMMENDED,MEMBER,KICKED,FF,LEFT THE GUILD,Apr-21-2024,1,YOU CAN JOIN TODAY,130,130,0,0,O,0,NO,,,5,200,10000
62,3080730642,MAFIYA,Apr-16-2024,RECOMMENDED,MEMBER,KICKED,FF,LEFT THE GUILD,Apr-17-2024,1,YOU CAN JOIN TODAY,,,0,0,O,0,NO,,,1,40,10000
63,3090116325,RAJ GAMING,Apr-16-2024,RECOMMENDED,MEMBER,KICKED,FF,LEFT THE GUILD,Apr-21-2024,1,YOU CAN JOIN TODAY,190,190,0,0,O,0,NO,,,5,200,10000
64,3000133259,VISHU BHAI,May-27-2024,INVITE BY EVIL YT,MEMBER,KICKED,FF,LEFT THE GUILD,Nov-12-2024,7,YOU HAVE ONLY 3 CHANCE TO IMPROVEMENT,14023,14023,143,143,O,0,NO,NO,YES,169,6760,10000
65,2042272441,552 JII,Apr-17-2024,RECOMMENDED,MEMBER,KICKED,FF,LOW POINT,Apr-29-2024,1,YOU CAN JOIN TODAY,,,0,0,O,0,NO,,,12,480,10000
66,6732688341,N0D9B622BEF7,Apr-17-2024,RECOMMENDED,MEMBER,KICKED,FF,LEFT THE GUILD,Apr-18-2024,1,YOU CAN JOIN TODAY,,,0,0,O,0,NO,,,1,40,10000
67,1825797836,DAKSHHY2748Y,Apr-17-2024,PROFILE,MEMBER,KICKED,FF,LEFT THE GUILD,Apr-30-2024,1,YOU CAN JOIN TODAY,450,450,0,0,O,0,NO,,,13,520,10000
68,2042814090,THALA KING,Apr-17-2024,RECOMMENDED,MEMBER,KICKED,FF,LOW POINT,Apr-29-2024,1,YOU CAN JOIN TODAY,140,140,0,0,O,0,NO,,,12,480,10000
69,2007554176,ROCKYAM454V,Apr-17-2024,RECOMMENDED,MEMBER,KICKED,FF,LEFT THE GUILD,May-21-2024,1,YOU CAN JOIN TODAY,1090,1090,0,0,O,0,NO,,,34,1360,10000
70,1089841643,AUUSH,Apr-17-2024,INVITE BY NS ROCKEY,MEMBER,KICKED,FF,0 POINTS AND 8 DAY OFFLINE,Apr-27-2024,1,YOU CAN JOIN TODAY,60,60,0,0,O,0,NO,,,10,400,10000
71,8300737992,1LOVEYOU.A.S,Apr-17-2024,INVITE BY EVIL YT,MEMBER,KICKED,FF,LEFT THE GUILD,Apr-20-2024,1,YOU CAN JOIN TODAY,70,70,0,0,O,0,NO,,,3,120,10000
72,5211370530,OP NOOBGENG,Apr-17-2024,RECOMMENDED,MEMBER,IN GUILD,FF,,,0,STAY IN GUILD AND COMPLATE YOUR POINTS GOOD LUCK,47005,47005,4,4,O,0,NO,NO,,333,13320,10000
73,799108902,ALPESH 99,Apr-18-2024,RECOMMENDED,MEMBER,KICKED,FF,6 DAY OFLINE 0 POINT,Apr-27-2024,1,YOU CAN JOIN TODAY,40,40,0,0,O,0,NO,,,9,360,10000
74,2250793013,RAHULKI1647T,Apr-18-2024,RECOMMENDED,MEMBER,KICKED,FF,5 DAYS OFLINE,Jun-14-2024,5,YOU REACHED OF YOUR 50% KICKED LIMIT,3060,3060,5,5,O,0,NO,,,57,2280,10000
75,4837838371,JEETU,Apr-30-2024,RECOMMENDED,MEMBER,KICKED,FF,LEFT THE GUILD (VIOLATION OF RULES),May-12-2024,10,YOU ARE BAN FROM GUILD,490,490,0,0,O,0,NO,,,12,480,10000
76,2344483412,SUNIL BHAI 7,Apr-19-2024,RECOMMENDED,MEMBER,KICKED,FF,LOW POINT,Apr-29-2024,1,YOU CAN JOIN TODAY,10,10,0,0,O,0,NO,,,10,400,10000
77,1794273670,MR KILLER,Apr-19-2024,RECOMMENDED,MEMBER,KICKED,FF,LOW POINT,Apr-29-2024,1,YOU CAN JOIN TODAY,110,110,0,0,O,0,NO,,,10,400,10000
78,2086635791,TOXIC FF,Apr-21-2024,RECOMMENDED,MEMBER,KICKED,FF,9 DAY OFFLINE AND 0 POINTS,Apr-30-2024,1,YOU CAN JOIN TODAY,40,40,0,0,O,0,NO,,,9,360,10000
79,1849489771,DORAEMON FF,Apr-21-2024,INVITE BY NOBITA FF,MEMBER,KICKED,FF,7 DAY OFFLINE,Jun-14-2024,5,YOU REACHED OF YOUR 50% KICKED LIMIT,6690,6690,354,354,O,0,NO,NO,YES,54,2160,10000
80,556292968,BHUMIT   ⚠️,May-10-2024,INVITE BY NOBITA FF,MEMBER,KICKED,FF,LEFT THE GUILD,May-20-2024,9,YOU HAVE LAST CHANCE,1793,1793,203,203,O,0,NO,,,10,400,10000
81,2428790906,EAGLE DIP,Jun-10-2024,RECOMMENDED,MEMBER,KICKED,FF,LEFT THE GUILD,Jul-10-2024,9,YOU HAVE LAST CHANCE,2887,2887,103,103,O,0,NO,NO,YES,30,1200,10000
82,2312039269,AAT GABUR,Apr-22-2024,RECOMMENDED,MEMBER,KICKED,FF,LOW POINT,Apr-24-2024,10,YOU ARE BAN FROM GUILD,40,40,0,0,O,0,NO,,,2,80,10000
83,3148829092,KILLR BHAP,Apr-23-2024,RECOMMENDED,MEMBER,KICKED,FF,LOW POINT,May-20-2024,1,YOU CAN JOIN TODAY,580,580,0,0,O,0,NO,,,27,1080,10000
84,6382619977,PREM_8696,Apr-23-2024,PROFILE,MEMBER,KICKED,FF,LEFT THE GUILD,Apr-25-2024,1,YOU CAN JOIN TODAY,,,0,0,O,0,NO,,,2,80,10000
85,7836795430,SANU04,Apr-24-2024,RECOMMENDED,MEMBER,KICKED,FF,LEFT THE GUILD,May-5-2024,4,YOU CAN JOIN AFTER 1 DAY,300,300,0,0,O,0,NO,,,11,440,10000
86,4017829491,YASH YT,May-28-2024,INVITE BY VISNU BHAI,MEMBER,KICKED,FF,LOW POINT 7 DAY OFFLINE,Dec-2-2024,7,YOU HAVE ONLY 3 CHANCE TO IMPROVEMENT,240,240,0,0,O,0,NO,NO,NO,188,7520,10000
87,7571553829,KALI,Apr-26-2024,RECOMMENDED,MEMBER,KICKED,FF,LOW POINT 1 DAY OFFLINE,May-27-2024,1,YOU CAN JOIN TODAY,1552,1552,22,22,O,0,NO,,,31,1240,10000
88,2786707890,NEEY FF,Apr-27-2024,RECOMMENDED,MEMBER,KICKED,FF,LEFT THE GUILD (VIOLATION OF RULES),May-7-2024,10,YOU ARE BAN FROM GUILD,320,320,0,0,O,0,NO,,,10,400,10000
89,2234938769,KARTIK,Apr-27-2024,INVITE BY EVIL YT,MEMBER,KICKED,FF,BAD BEHAVIOUR (VIOLATION OF RULE),May-30-2024,10,YOU ARE BAN FROM GUILD,9644,9644,67,67,O,0,NO,,,33,1320,10000
90,3421542950,TRY NXT TIME,Jul-17-2024,RECOMMENDED,MEMBER,KICKED,FF,0 POINTS 7 DAY OFFLINE,Jul-28-2024,10,YOU ARE BAN FROM GUILD,20,20,0,0,O,0,NO,NO,YES,11,440,10000
91,2182204711,EG RAVAN,Apr-29-2024,INVITE BY KARTIK,MEMBER,KICKED,FF,WITHOUT ANY REASON KICKED BY EVIL YT,May-31-2024,10,YOU ARE BAN FROM GUILD,7087,7087,0,0,O,0,NO,,,32,1280,10000
92,3018365237,KALU FF,Jun-12-2024,RECOMMENDED,MEMBER,KICKED,FF,LEFT THE GUILD VIOLATION OF RULES,Jun-13-2024,10,YOU ARE BAN FROM GUILD,0,0,0,0,O,0,NO,NO,YES,1,40,10000
93,2654949289,YUVRAJ,Apr-29-2024,INVITE BY EAGLE DIP,MEMBER,KICKED,FF,LOW POINT,Jul-8-2024,1,YOU CAN JOIN TODAY,3686,3686,5,5,O,0,NO,,,70,2800,10000
94,8456019975,KAUSAL,Apr-30-2024,RECOMMENDED,MEMBER,KICKED,FF,LOW POINT,May-20-2024,1,YOU CAN JOIN TODAY,1418,1418,38,38,O,0,NO,,,20,800,10000
95,2461643886,NARUTO 10•7,Apr-30-2024,RECOMMENDED,MEMBER,KICKED,FF,LEFT THE GUILD,May-1-2024,1,YOU CAN JOIN TODAY,,,0,0,O,0,NO,,,1,40,10000
96,7781812737,PAGAL @ MP14,May-1-2024,INVITE BY VISNU BHAI,MEMBER,KICKED,FF,3 DAY OFLINE,May-9-2024,6,WARNING YOU HAVE TO NEED IMPROVEMENT,40,40,0,0,O,0,NO,,,8,320,10000
97,955737776,KLR SUNNY,May-1-2024,RECOMMENDED,MEMBER,KICKED,FF,LOW POINT 3 DAY OFLINE,May-20-2024,2,YOU CAN JOIN JOIN AFTER 1 HR,280,280,0,0,O,0,NO,,,19,760,10000
98,4829652539,SS SANJIT,May-1-2024,INVITE BY VISNU BHAI,MEMBER,KICKED,FF,LOW POINT AND 5 DAY OFFLINE,May-20-2024,3,YOU CAN JOIN AFTER 12 HR,400,400,0,0,O,0,NO,,,19,760,10000
99,2106809126,DIC RED 8,May-15-2024,INVITE BY VISNU BHAI,MEMBER,KICKED,FF,LEFT THE GUILD,Jun-14-2024,8,YOU HAVE ONLY 2 CHANCE  TO IMPROVEMENT,16936,16936,0,0,O,0,NO,,,30,1200,10000
100,4295414254,RAJ FF,May-1-2024,PROFILE,MEMBER,KICKED,FF,LEFT THE GUILD,May-5-2024,1,YOU CAN JOIN TODAY,425,425,0,0,O,0,NO,,,4,160,10000
101,7523621142,KING0R6,May-2-2024,PROFILE,MEMBER,KICKED,FF,LEFT THE GUILD,May-5-2024,6,WARNING YOU HAVE TO NEED IMPROVEMENT,290,290,0,0,O,0,NO,,,3,120,10000
102,6669162057,RAISTAR,May-2-2024,RECOMMENDED,MEMBER,KICKED,FF,LEFT THE GUILD (VIOLATION OF RULES),May-2-2024,10,YOU ARE BAN FROM GUILD,,,0,0,O,0,NO,,,0,0,10000
103,2461184751,REHAN FF,May-2-2024,RECOMMENDED,MEMBER,KICKED,FF,LEFT THE GUILD,May-4-2024,1,YOU CAN JOIN TODAY,10,10,0,0,O,0,NO,,,2,80,10000
104,1016711129,DRUXZ!,May-2-2024,INVITE BY RAJ FF,MEMBER,KICKED,FF,LEFT THE GUILD (VIOLANCE OF RULES),May-3-2024,10,YOU ARE BAN FROM GUILD,,,0,0,O,0,NO,,,1,40,10000
105,1662119325,KRISHNA BHAI,May-3-2024,RECOMMENDED,MEMBER,KICKED,FF,VIOLENCE OF RULE,May-5-2024,10,YOU ARE BAN FROM GUILD,,,0,0,O,0,NO,,,2,80,10000
106,2143557886,SINCHAN,May-3-2024,RECOMMENDED,MEMBER,KICKED,FF,NOT GIVING RESPECT TO LEADER,Jun-13-2024,9,YOU HAVE LAST CHANCE,1510,1510,0,0,O,0,NO,,,41,1640,10000
107,1096791489,RAISTAR..8,May-4-2024,INVITE BY VISNU BHAI,MEMBER,KICKED,FF,LOW POINT CUSTOM PLAYER,May-20-2024,7,YOU HAVE ONLY 3 CHANCE TO IMPROVEMENT,270,270,0,0,O,0,NO,,,16,640,10000
108,850207649,SENU NS,May-5-2024,RECOMMENDED,MEMBER,KICKED,FF,2 DAY OFFLINE,May-8-2024,8,YOU HAVE ONLY 2 CHANCE  TO IMPROVEMENT,,,0,0,O,0,NO,,,3,120,10000
109,1637036813,DRY O PAIN,May-22-2024,RECOMMENDED,MEMBER,KICKED,FF,LOW POINT,Jun-17-2024,3,YOU CAN JOIN AFTER 12 HR,820,820,0,0,O,0,NO,,,26,1040,10000
110,6906166678,PAGAL VIP 9999,May-24-2024,INVITE BY VISNU BHAI,MEMBER,KICKED,FF,LOW POINT,Jun-17-2024,6,WARNING YOU HAVE TO NEED IMPROVEMENT,530,530,0,0,O,0,NO,NO,YES,24,960,10000
111,2796300203,DESI BUGGU,May-6-2024,RECOMMENDED,MEMBER,KICKED,FF,LEFT THE GUILD,May-26-2024,3,YOU CAN JOIN AFTER 12 HR,660,660,,,O,0,NO,,,20,800,10000
112,3520772014,MAHAKAL,May-6-2024,RECOMMENDED,MEMBER,KICKED,FF,LEFT THE GUILD,May-13-2024,8,YOU HAVE ONLY 2 CHANCE  TO IMPROVEMENT,400,400,,,O,0,NO,,,7,280,10000
113,6172004477,TG TARAK,May-7-2024,PROFILE,MEMBER,KICKED,FF,LOW POINT,Jun-3-2024,1,YOU CAN JOIN TODAY,1040,1040,,,O,0,NO,,,27,1080,10000
114,1980046814,MR SATTU,Dec-6-2024,RECOMMENDED,MEMBER,KICKED,FF,LEFT THE GUILD,Dec-29-2024,3,Average player,60,60,,,O,0,NO,YES,YES,23,920,10000
115,1923874022,BLACK 444,May-9-2024,RECOMMENDED,MEMBER,KICKED,FF,LOW POINT,Jun-3-2024,1,YOU CAN JOIN TODAY,1200,1200,,,O,0,NO,,,25,1000,10000
116,3909638796,GANGSTER,May-12-2024,RECOMMENDED,MEMBER,KICKED,FF,LOW POINT 1 DAY OFFLINE,Jun-3-2024,3,YOU CAN JOIN AFTER 12 HR,1180,1180,,,O,0,NO,,,22,880,10000
117,2958181359,HSA ANSH,May-22-2024,RECOMMENDED,MEMBER,KICKED,FF,LEFT THE GUILD,May-23-2024,10,YOU ARE BAN FROM GUILD,20,20,,,O,0,NO,,,1,40,10000
118,2537999498,BAD BOY 9,May-13-2024,RECOMMENDED,MEMBER,KICKED,FF,LEFT THE GUILD,May-21-2024,4,YOU CAN JOIN AFTER 1 DAY,1050,1050,,,O,0,NO,,,8,320,10000
119,3156149618,KGF VEER,May-25-2024,INVITE BY VISNU BHAI,MEMBER,KICKED,FF,LOW POINT,Jun-17-2024,7,YOU HAVE ONLY 3 CHANCE TO IMPROVEMENT,1672,1672,,,O,0,NO,,,23,920,10000
120,1458166658,DARSHIL,May-17-2024,PROFILE,MEMBER,KICKED,FF,3 DAY OFLINE,May-21-2024,3,YOU CAN JOIN AFTER 12 HR,,,,,O,0,NO,,,4,160,10000
121,4468159526,VK VAIBHAV,May-19-2024,RECOMMENDED,MEMBER,KICKED,FF,0 POINT AND 10 DAY OFFLINE RULE NO 7,Jun-3-2024,9,YOU HAVE LAST CHANCE,260,260,,,O,0,NO,,,15,600,10000
122,2493230627,DARI BHAI,May-19-2024,INVITE BY VISNU BHAI,MEMBER,KICKED,FF,LOW POINT,Jun-3-2024,1,YOU CAN JOIN TODAY,1273,1273,,,O,0,NO,,,15,600,10000
123,1802760554,AW ITACHI,May-19-2024,INVITE BY RADHA YT,HELPER,KICKED,FF,LEFT THE GUILD,May-27-2024,1,YOU CAN JOIN TODAY,932,932,16,16,O,0,NO,,,8,320,10000
124,7690887787,OP RAISTAR,May-20-2024,RECOMMENDED,MEMBER,KICKED,FF,4 DAY OFLINE 0 POINTS,May-24-2024,3,YOU CAN JOIN AFTER 12 HR,,,,,O,0,NO,,,4,160,10000
125,806610384,OP ADITYA,Jun-11-2024,FANDOM,MEMBER,KICKED,FF,LEFT THE GUILD,Jun-30-2024,7,YOU HAVE ONLY 3 CHANCE TO IMPROVEMENT,6865,6865,0,0,O,0,NO,NO,YES,19,760,10000
126,2307045335,BOSS JONI 44,May-22-2024,RECOMMENDED,MEMBER,KICKED,FF,LOW POINT,Jun-3-2024,1,YOU CAN JOIN TODAY,210,210,,,O,0,NO,,,12,480,10000
127,2707807393,NXT DHRUV,Dec-11-2024,RECOMMENDED,MEMBER,IN GUILD,FF,Left,Dec-4-2024,9,YOU HAVE LAST CHANCE,,,,,O,0,NO,NO,YES,95,3800,10000
128,1849778584,ROYAL JAAT,May-24-2024,RECOMMENDED,MEMBER,KICKED,FF,LEFT THE GUILD,May-26-2024,3,YOU CAN JOIN AFTER 12 HR,,,,,O,0,NO,,,2,80,10000
129,2684100505,RJ GAMER 56,May-24-2024,INVITE BY VISNU BHAI,MEMBER,KICKED,FF,9 DAYS OFLINE,Jun-14-2024,7,YOU HAVE ONLY 3 CHANCE TO IMPROVEMENT,1353,1353,12,12,O,0,NO,,,21,840,10000
130,3923274944,D68 GANGSTER,Jul-1-2024,INVITE BY VISNU BHAI,MEMBER,KICKED,FF,LOW POINT,Jul-15-2024,4,YOU CAN JOIN AFTER 1 DAY,410,410,,,O,0,NO,NO,YES,14,560,10000
131,2416089441,AYUSH FF,May-25-2024,RECOMMENDED,MEMBER,KICKED,FF,LEFT THE GUILD,Jun-15-2024,9,YOU HAVE LAST CHANCE,610,610,,,O,0,NO,NO,YES,21,840,10000
132,7435382088,ST BOSS,May-26-2024,INVITE BY VISNU BHAI,MEMBER,KICKED,FF,LEFT THE GUILD,May-26-2024,5,YOU REACHED OF YOUR 50% KICKED LIMIT,,,,,O,0,NO,,,0,0,10000
133,508966321,HAMILTON 54,May-26-2024,INVITE BY EVIL YT,MEMBER,KICKED,FF,LEFT THE GUILD,May-26-2024,7,YOU HAVE ONLY 3 CHANCE TO IMPROVEMENT,,,,,O,0,NO,,,0,0,10000
134,6559472286,PB 16 WALE,May-26-2024,RECOMMENDED,MEMBER,KICKED,FF,LEFT THE GUILD,Jun-6-2024,4,YOU CAN JOIN AFTER 1 DAY,578,578,,,O,0,NO,,,11,440,10000
135,7594712001,GUJRAT 007,May-28-2024,INVITE BY KARTIK,MEMBER,KICKED,FF,OFLINE 5 DAYS VIOLATION OF RULES,Jun-3-2024,9,YOU HAVE LAST CHANCE,,,,,O,0,NO,,,6,240,10000
136,3821483777,RISHU OP,May-28-2024,INVITE BY ADITYA OP,MEMBER,KICKED,FF,LOW POINT,Jul-8-2024,1,YOU CAN JOIN TODAY,19207,19207,,,O,0,NO,,,41,1640,10000
137,6685121203,RDX BOYZ,May-29-2024,RECOMMENDED,MEMBER,KICKED,FF,LOW POINT,Jun-17-2024,1,YOU CAN JOIN TODAY,350,350,,,O,0,NO,,,19,760,10000
138,1299914886,SYBLUS OP,May-29-2024,RECOMMENDED,MEMBER,KICKED,FF,NOT GIVING RESPECT TO LEADER,Jun-13-2024,9,YOU HAVE LAST CHANCE,740,740,,,O,0,NO,NO,NO,15,600,10000
139,3069935582,IND LOVE,May-30-2024,RECOMMENDED,MEMBER,KICKED,FF,LOW POINT,Jun-17-2024,1,YOU CAN JOIN TODAY,620,620,,,O,0,NO,,,18,720,10000
140,1730902493,BAD BOY 1,Jun-1-2024,INVEST BY DIC RED 8,MEMBER,KICKED,FF,LEFT THE GUILD,Jun-3-2024,1,YOU CAN JOIN TODAY,60,60,,,O,0,NO,NO,,2,80,10000
141,2934205746,KHUSHI,Jun-2-2024,UNDEFINED,MEMBER,KICKED,FF,KICKED BY RADHA YT (MISLEADING BY NAME),Jun-9-2024,10,YOU ARE BAN FROM GUILD,170,170,,,O,0,NO,NO,,7,280,10000
142,1727957118,PS HACKER,Jun-4-2024,GUILD PROMOTION,MEMBER,KICKED,FF,LOW POINT,Jul-15-2024,1,YOU CAN JOIN TODAY,1608,1608,,,O,0,NO,NO,NO,41,1640,10000
143,2360403906,NL TITAN,Jun-5-2024,GUILD PROMOTION,MEMBER,KICKED,FF,LEFT THE GUILD,Jun-6-2024,3,YOU CAN JOIN AFTER 12 HR,10,10,,,O,0,NO,NO,NO,1,40,10000
144,5481490199,SV,Jun-14-2024,RECOMMENDED,MEMBER,KICKED,FF,NOT GIVING RESPECT TO LEADER,Jun-30-2024,7,YOU HAVE ONLY 3 CHANCE TO IMPROVEMENT,430,430,,,O,0,NO,NO,YES,16,640,10000
145,8431507617,KING8L17#,Jun-6-2024,RECOMMENDED,MEMBER,KICKED,FF,6 DAY OFLINE,Jun-14-2024,6,WARNING YOU HAVE TO NEED IMPROVEMENT,20,20,,,O,0,NO,YES,YES,8,320,10000
146,4075518992,PIYUSH,Jun-6-2024,PROFILE,MEMBER,KICKED,FF,0 POINTS AND 8 DAYS OFLINE,Jun-24-2024,5,YOU REACHED OF YOUR 50% KICKED LIMIT,350,350,,,O,0,NO,NO,YES,18,720,10000
147,3913423439,DANGER DAD,Jun-6-2024,RECOMMENDED,MEMBER,KICKED,FF,LEFT THE GUILD VIOLATION OF RULES,Jun-7-2024,10,YOU ARE BAN FROM GUILD,,,,,O,0,NO,NO,YES,1,40,10000
148,2432135319,JB DEV,Jun-8-2024,RECOMMENDED,MEMBER,KICKED,FF,LEFT THE GUILD,Jun-10-2024,1,YOU CAN JOIN TODAY,90,90,,,O,0,NO,NO,YES,2,80,10000
149,2912606268,AR THAKOR,Jun-9-2024,RECOMMENDED,MEMBER,KICKED,FF,LEFT THE GUILD,Jun-18-2024,1,YOU CAN JOIN TODAY,316,316,,,O,0,NO,NO,NO,9,360,10000
150,905184242,ROHIT,Dec-18-2024,RECOMMENDED,MEMBER,IN GUILD,FF,,,,,8688,8688,0,0,O,0,NO,NO,Yes,88,3520,10000
151,7012452167,RAISTAR,Jun-9-2024,RECOMMENDED,MEMBER,KICKED,FF,LEFT THE GUILD,Jun-11-2024,1,YOU CAN JOIN TODAY,,,,,O,0,NO,NO,YES,2,80,10000
152,5217063004,SANJ0000000,Jun-10-2024,FANDOM,MEMBER,KICKED,FF,LEFT THE GUILD,Jun-15-2024,6,WARNING YOU HAVE TO NEED IMPROVEMENT,180,180,,,O,0,NO,NO,YES,5,200,10000
153,1708894823,PB HUNTER,Jun-11-2024,RECOMMENDED,MEMBER,KICKED,FF,LEFT THE GUILD,Jun-12-2024,8,YOU HAVE ONLY 2 CHANCE  TO IMPROVEMENT,,,,,O,0,NO,NO,YES,1,40,10000
154,7359793327,MR BLACK,Jun-14-2024,RECOMMENDED,MEMBER,KICKED,FF,LEFT THE GUILD,Jun-14-2024,10,YOU ARE BAN FROM GUILD,,,,,O,0,NO,NO,YES,0,0,10000
155,8094902233,VEDANT 14 12,Jun-14-2024,RECOMMENDED,MEMBER,KICKED,FF,LEFT THE GUILD,Jun-19-2024,3,YOU CAN JOIN AFTER 12 HR,220,220,,,O,0,NO,NO,YES,5,200,10000
156,8388928634,GOD DEVIL,Jun-14-2024,RECOMMENDED,MEMBER,KICKED,F,LEFT THE GUILD,Jun-16-2024,10,YOU ARE BAN FROM GUILD,,,,,O,0,NO,NO,YES,2,80,10000
157,2016779679,PG CHERRY,Jun-14-2024,RECOMMENDED,MEMBER,KICKED,FFF,LEFT THE GUILD,Jun-15-2024,9,YOU HAVE LAST CHANCE,,,,,O,0,NO,NO,YES,1,40,10000
158,1874765408,FT BHAVUU,Jun-15-2024,RECOMMENDED,MEMBER,KICKED,FF,Low point,Nov-10-2024,0,STAY IN GUILD AND COMPLATE YOUR POINTS GOOD LUCK,2156,2156,,,O,0,NO,NO,YES,148,5920,10000
159,3470256631,@RJ GAMING,Jun-16-2024,INVITE BY VISHU BHAI,MEMBER,KICKED,FF,LOW POINT 1DAY OFFLINE,Jul-1-2024,4,YOU CAN JOIN AFTER 1 DAY,308,308,,,O,0,NO,NO,YES,15,600,10000
160,2168287004,SG REX,Jun-16-2024,RECOMMENDED,MEMBER,KICKED,FF,LEFT THE GUILD,Jun-17-2024,1,YOU CAN JOIN TODAY,,,,,O,0,NO,NO,NO,1,40,10000
161,8470420447,POOJAS,Jun-16-2024,RECOMMENDED,MEMBER,KICKED,FF,LEFT THE GUILD,Jul-14-2024,4,YOU CAN JOIN AFTER 1 DAY,1370,1370,,,O,0,NO,NO,NO,28,1120,10000
162,704617933,NEPALI BABU,Jun-18-2024,RECOMMENDED,MEMBER,KICKED,FF,LEFT THE GUILD,Jun-19-2024,6,WARNING YOU HAVE TO NEED IMPROVEMENT,,,,,O,0,NO,NO,YES,1,40,10000
163,5351631394,Cobra M10,Jun-18-2024,RECOMMENDED,MEMBER,KICKED,FF,LEFT THE GUILD,Jun-20-2024,6,WARNING YOU HAVE TO NEED IMPROVEMENT,40,40,,,O,0,NO,NO,YES,2,80,10000
164,3585631884,Emiway EB,Jun-19-2024,RECOMMENDED,MEMBER,KICKED,FF,NOT ENOUGH POINTS,Jul-22-2024,1,YOU CAN JOIN TODAY,8813,8813,211,211,O,0,NO,NO,YES,33,1320,10000
165,6149968977,LUFFY,Jun-19-2024,GUILD PROMOTION,MEMBER,KICKED,FF,LEFT THE GUILD,Nov-12-2024,5,YOU REACHED OF YOUR 50% KICKED LIMIT,2986,2986,,,O,0,NO,NO,YES,146,5840,10000
166,2985005797,NANDU BHAI,Jun-23-2024,RECOMMENDED,MEMBER,KICKED,FF,LEFT THE GUILD,Jul-9-2024,6,WARNING YOU HAVE TO NEED IMPROVEMENT,710,710,,,O,0,NO,NO,YES,16,640,10000
167,4131877075,SHIVRAJ,Jun-23-2024,RECOMMENDED,MEMBER,KICKED,FF,LEFT THE GUILD,Jun-24-2024,9,YOU HAVE LAST CHANCE,,,,,O,0,NO,YES,NO,1,40,10000
168,6743912063,Mr Kuldeep,Jun-24-2024,INVITE BY RADHA YT,MEMBER,KICKED,FF,LOW POINT,Jul-8-2024,1,YOU CAN JOIN TODAY,370,370,,,O,0,NO,NO,YES,14,560,10000
169,1097016856,REAPER FF,Jun-24-2024,RECOMMENDED,MEMBER,KICKED,FF,LEFT THE GUILD,Jun-25-2024,6,WARNING YOU HAVE TO NEED IMPROVEMENT,,,,,O,0,NO,NO,NO,1,40,10000
170,2084482421,VIVEK 07,Jun-24-2024,RECOMMENDED,MEMBER,KICKED,FF,LEFT the guild,Jun-25-2024,9,YOU HAVE LAST CHANCE,,,,,O,0,NO,NO,NO,1,40,10000
171,2126722151,FAIQEZR2431U,Jun-25-2024,INVITE BY EVIL YT VIA GC,MEMBER,KICKED,FF,LOW POINT,Nov-12-2024,5,YOU REACHED OF YOUR 50% KICKED LIMIT,2622,2622,56,56,O,0,NO,NO,YES,140,5600,10000
172,7602430361,OP GOLU,Jun-25-2024,RECOMMENDED,MEMBER,KICKED,FF,LOW POINT 5 DAYS OFLINE,Jul-8-2024,5,YOU REACHED OF YOUR 50% KICKED LIMIT,110,110,,,O,0,NO,NO,NO,13,520,10000
173,1977598952,ANIIONG,Jun-25-2024,RECOMMENDED,MEMBER,KICKED,FF,LEFT THE GUILD,Nov-12-2024,4,YOU CAN JOIN AFTER 1 DAY,1730,1730,55,55,O,0,NO,NO,NO,140,5600,10000
174,9002012227,GOLU GAMING,Jun-25-2024,INVITE BY OP GOLU,MEMBER,KICKED,FF,0 POINT 10 DAYS OFLINE,Jul-8-2024,9,YOU HAVE LAST CHANCE,,,,,O,0,NO,NO,YES,13,520,10000
175,2752705202,ⓋRAISTAR,Jun-28-2024,RECOMMENDED,MEMBER,KICKED,FF,LOW POINT CUSTOM ONLY PLAYER,Jul-8-2024,6,WARNING YOU HAVE TO NEED IMPROVEMENT,70,70,,,O,0,NO,NO,YES,10,400,10000
176,6368565419,BISWAJIT FF,Jul-4-2024,RECOMMENDED,MEMBER,KICKED,FF,LEFT THE GUILD,Nov-12-2024,3,YOU CAN JOIN AFTER 12 HR,1010,1010,51,51,O,0,NO,NO,YES,131,5240,10000
177,3496290049,MYNSIEM BOY,Jul-7-2024,RECOMMENDED,MEMBER,KICKED,FF,NOT ENOUGH POINTS,Jul-22-2024,2,YOU CAN JOIN JOIN AFTER 1 HR,420,420,,,O,0,NO,NO,YES,15,600,10000
178,5822773548,WEEN4J1647U,Jul-8-2024,RECOMMENDED,MEMBER,KICKED,FF,LEFT THE GUILD,Jul-8-2024,9,YOU HAVE LAST CHANCE,,,,,O,0,NO,NO,YES,0,0,10000
179,3404127648,AS LAXMAN,Jul-10-2024,GUILD PROMOTION,MEMBER,KICKED,FF,LEFT THE GUILD,Jul-11-2024,6,WARNING YOU HAVE TO NEED IMPROVEMENT,,,,,O,0,NO,NO,NO,1,40,10000
180,8250884987,PARTY9O9M1Z1,Jul-10-2024,INVITE BY EVIL YT,MEMBER,KICKED,FF,NOT ENOUGH POINTS AND 13 DAYS OFLINE,Jul-22-2024,5,YOU REACHED OF YOUR 50% KICKED LIMIT,,,,,O,0,NO,NO,YES,12,480,10000
181,3183456018,AKKDNDJZKS,Jul-11-2024,INVITE BY RADHA YT,MEMBER,IN GUILD,FF,,,0,STAY IN GUILD AND COMPLATE YOUR POINTS GOOD LUCK,26990,26990,265,265,O,0,NO,NO,NO,248,9920,10000
182,1055218869,BIK AHS25,Jul-12-2024,RECOMMENDED,MEMBER,KICKED,FF,LEFT THE GUILD,Nov-12-2024,3,YOU CAN JOIN AFTER 12 HR,2674,2674,88,88,O,0,NO,NO,YES,123,4920,10000
183,6488399619,SASUKE,Jul-14-2024,INVITE VY LUFFY,MEMBER,KICKED,FF,LEFT THE GUILD,Nov-12-2024,8,YOU HAVE ONLY 2 CHANCE  TO IMPROVEMENT,606,606,,,O,0,NO,NO,YES,121,4840,10000
184,4171854900,BADSHAH,Jul-14-2024,INVITE BY akkdndjzks,MEMBER,KICKED,FF,KICKED,Dec-1-2024,10,YOU ARE BAN FROM GUILD,1300,1300,75,75,O,0,NO,NO,YES,140,5600,10000
185,577021848,4FL YT FF,Jul-15-2024,INVITE BY LUFFY,MEMBER,KICKED,FF,LEFT THE GUILD,Jul-28-2024,7,YOU HAVE ONLY 3 CHANCE TO IMPROVEMENT,10,10,,,O,0,NO,NO,YES,13,520,10000
186,8067669731,DANGER ARMY,Jul-16-2024,PROFILE,MEMBER,KICKED,FF,LEFT THE GUILD,Nov-12-2024,7,YOU HAVE ONLY 3 CHANCE TO IMPROVEMENT,350,350,,,O,0,NO,NO,YES,119,4760,10000
187,3185368091,YGCPM027,Jul-16-2024,PROFILE,MEMBER,KICKED,FF,LEFT THE GUILD,Jul-16-2024,8,YOU HAVE ONLY 2 CHANCE  TO IMPROVEMENT,,,,,O,0,NO,NO,NO,0,0,10000
188,2752633171,ZEEL PATEL,Oct-25-2024,RECOMMENDED,MEMBER,KICKED,FF,30 DAYS OFLINE,Dec-19-2024,0,STAY IN GUILD AND COMPLATE YOUR POINTS GOOD LUCK,3968,3968,,,O,0,NO,NO,YES,55,2200,10000
189,3936743738,SHIVAM,Jul-16-2024,RECOMMENDED,MEMBER,KICKED,FF,LEFT THE GUILD,Jul-17-2024,6,WARNING YOU HAVE TO NEED IMPROVEMENT,,,,,O,0,NO,NO,YES,1,40,10000
190,5386499214,DAKATILOVE,Jul-17-2024,INVITE BY ANIIONG,MEMBER,KICKED,FF,10 DAY OFFLINE,Jul-28-2024,8,YOU HAVE ONLY 2 CHANCE  TO IMPROVEMENT,10,10,,,O,0,NO,NO,YES,11,440,10000
191,7096710642,DAD,Jul-18-2024,RECOMMENDED,MEMBER,KICKED,FF,LEFT THE GUILD,Nov-12-2024,3,YOU CAN JOIN AFTER 12 HR,1404,1404,,,O,0,NO,NO,YES,117,4680,10000
192,2520058424,MR MYSTERY,Jul-18-2024,INVITE BY RADHA YT,MEMBER,KICKED,FF,LEFT THE GUILD,Jul-25-2024,5,YOU REACHED OF YOUR 50% KICKED LIMIT,1540,1540,99,99,O,0,NO,NO,YES,7,280,10000
193,1333017401,DAD,Jul-18-2024,PROFILE,MEMBER,KICKED,FF,LEFT THE GUILD,Jul-25-2024,9,YOU HAVE LAST CHANCE,956,956,,,O,0,NO,NO,YES,7,280,10000
194,3230602867,LOST UCHIHA,Jul-20-2024,INVITE BY DAD,MEMBER,KICKED,FF,LEFT THE GUILD,Jul-22-2024,6,WARNING YOU HAVE TO NEED IMPROVEMENT,30,30,,,O,0,NO,NO,YES,2,80,10000
195,2383351116,SK PAPA 777,Jul-20-2024,RECOMMENDED,MEMBER,KICKED,FF,LEFT THE GUILD,Nov-12-2024,2,YOU CAN JOIN JOIN AFTER 1 HR,10,10,,,O,0,NO,NO,YES,115,4600,10000
196,4376760235,MR KING,Jul-23-2024,RECOMMENDED,MEMBER,KICKED,FF,LEFT THE GUILD,Nov-12-2024,10,YOU ARE BAN FROM GUILD,,,,,O,0,NO,NO,YES,112,4480,10000
197,814167075,KHUKHAR LUTERA,Jul-20-2024,INVITE BY AKKDNDJZKS,MEMBER,KICKED,FF,30D OFFLINE,Nov-12-2024,7,YOU HAVE ONLY 3 CHANCE TO IMPROVEMENT,,,,,O,0,NO,NO,YES,115,4600,10000
198,3648952139,UGRGAMERZ0,Jul-21-2024,RECOMMENDED (EVIL YT FRIEND LIST),MEMBER,KICKED,FF,LEFT THE GUILD,Jul-25-2024,10,YOU ARE BAN FROM GUILD,,,,,O,0,NO,YES,YES,4,160,10000
199,1206677769,FT AMAN,Jul-21-2024,INVITE BY RADHA YT,MEMBER,KICKED,FF,LEFT,Dec-2-2024,9,YOU HAVE LAST CHANCE,80,80,,,O,0,NO,NO,YES,134,5360,10000
200,1886442801,MS PSYCHO  777,Jul-22-2024,RECOMMENDED,MEMBER,KICKED,FF,LEFT THE GUILD,Jul-24-2024,7,YOU HAVE ONLY 3 CHANCE TO IMPROVEMENT,,,,,O,0,NO,NO,YES,2,80,10000
201,3282523367,LOVE GURU 4,Jul-22-2024,INVITE BY DAD,MEMBER,KICKED,FF,LEFT THE GUILD,Nov-12-2024,6,WARNING YOU HAVE TO NEED IMPROVEMENT,,,,,O,0,NO,NO,YES,113,4520,10000
202,7159199672,FT PRATHU,Jul-23-2024,PROFILE,MEMBER,KICKED,FF,LEFT THE GUILD,Jul-26-2024,1,YOU CAN JOIN TODAY,,,,,O,0,NO,NO,YES,3,120,10000
203,7891560363,MR ASHISH,Jul-23-2024,PROFILE,MEMBER,KICKED,FF,LEFT THE GUILD,Jul-24-2024,10,YOU ARE BAN FROM GUILD,,,,,O,0,NO,NO,YES,1,40,10000
204,8402552256,MISS KEREN,Jul-25-2024,PROFILE,MEMBER,KICKED,FF,LEFT,Nov-12-2024,8,YOU HAVE ONLY 2 CHANCE  TO IMPROVEMENT,,,,,O,0,NO,NO,NO,110,4400,10000
205,638485996,PAPI PUSPA,Jul-27-2024,PROFILE,MEMBER,KICKED,FF,LEFT,Nov-12-2024,8,YOU HAVE ONLY 2 CHANCE  TO IMPROVEMENT,,,,,O,0,NO,NO,NO,108,4320,10000
206,1786123789,OP FANTU,Jul-27-2024,RECOMMENDED,MEMBER,KICKED,FF,LEFT THE GUILD,Nov-12-2024,5,YOU REACHED OF YOUR 50% KICKED LIMIT,,,,,O,0,NO,NO,YES,108,4320,10000
207,8677495155,MR MANISH,Jul-27-2024,RECOMMENDED,MEMBER,KICKED,FF,LEFT,Nov-12-2024,6,WARNING YOU HAVE TO NEED IMPROVEMENT,,,,,O,0,NO,NO,NO,108,4320,10000
208,1412872803,HP RAJPUT 07,Nov-10-2024,RECOMMENDED,MEMBER,IN GUILD,FF,,,0,STAY IN GUILD AND COMPLATE YOUR POINTS GOOD LUCK,4912,4912,,,O,0,NO,NO,YES,126,5040,10000
209,1900849833,RT ALONE,Nov-10-2024,RECOMMENDED,MEMBER,KICKED,FF,Not Sufficient Points as needed to guild,Dec-30-2024,1,Average player,1070,1070,,,O,0,NO,NO,YES,50,2000,10000
210,8291229417,HOTDOG8S1E4E,Nov-10-2024,RECOMMENDED,MEMBER,KICKED,FF,LEFT,Dec-1-2024,9,YOU HAVE LAST CHANCE,,,,,O,0,NO,NO,YES,21,840,10000
211,9364276386,MR PATEL,Nov-12-2024,RECOMMENDED,MEMBER,KICKED,FF,17Days Ofline,Jan-27-2025,1,Average player,11596,11596,,,O,0,NO,NO,YES,76,3040,10000
212,2329681841,NOOB DADA 02,Feb-6-2025,PROFILE (EVIL YT),HELPER,IN GUILD,FF,INSUFFICIENT POINTS,Mar-20-2025,1,Average player,130,130,0,0,O,0,NO,NO,Yes,38,1520,10000
213,2634836284,2K PSYCHO,Nov-12-2024,RECOMMENDED,MEMBER,KICKED,FF,LEFT,Dec-24-2024,,STAY IN GUILD AND COMPLATE YOUR POINTS GOOD LUCK,460,460,,,O,0,NO,NO,YES,42,1680,10000
214,2829348117,NG SASUKE,Nov-12-2024,RECOMMENDED,MEMBER,KICKED,FF,KICK,Dec-1-2024,6,WARNING YOU HAVE TO NEED IMPROVEMENT,,,,,O,0,NO,NO,YES,19,760,10000
215,9364926150,HARSHIL409,Nov-12-2024,RECOMMENDED,MEMBER,KICKED,FF,LEFT THE GUILD,Jan-27-2025,1,Average player,10415,10415,,,O,0,NO,NO,YES,76,3040,10000
216,741907739,ITS VISHU,Nov-12-2024,RECOMMENDED,MEMBER,KICKED,FF,LEFT,Dec-1-2024,8,YOU HAVE ONLY 2 CHANCE  TO IMPROVEMENT,,,,,O,0,NO,NO,YES,19,760,10000
217,966434341,ARUSH 2M,Nov-12-2024,RECOMMENDED,MEMBER,KICKED,FF,MISS BEHAVING WITH GUILD MEMBERS,Jan-26-2025,10,YOU ARE BAN FROM GUILD,2210,2210,,,O,0,NO,YES,YES,75,3000,10000
218,6595425216,RAGHU,Nov-12-2024,RECOMMENDED,MEMBER,KICKED,FF,NOT SUFFICIENT POINT AS REQUIRED GUILD,Dec-30-2024,1,Average player,1848,1848,,,O,0,NO,NO,YES,48,1920,10000
219,2261886605,PRO NIKHIL,Nov-12-2024,RECOMMENDED,MEMBER,KICKED,FF,LEFT,Jan-27-2025,1,Average player,3158,3158,,,O,0,NO,NO,YES,76,3040,10000
220,1329374608,JIYA,Nov-12-2024,RECOMMENDED,MEMBER,KICKED,FF,LEFT,Dec-1-2024,7,YOU HAVE ONLY 3 CHANCE TO IMPROVEMENT,,,,,O,0,NO,NO,YES,19,760,10000
221,1371884804,HK HITESH,Nov-12-2024,RECOMMENDED,MEMBER,KICKED,FF,LEFT,Dec-1-2024,8,YOU HAVE ONLY 2 CHANCE  TO IMPROVEMENT,,,,,O,0,NO,NO,YES,19,760,10000
222,1819310011,TG ARYAN,Nov-12-2024,RECOMMENDED,MEMBER,KICKED,FF,low point,Dec-30-2024,1,Average player,1137,1137,,,O,0,NO,NO,YES,48,1920,10000
223,1861264596,SRI097,Nov-12-2024,RECOMMENDED,MEMBER,KICKED,FF,OFLINE,Dec-1-2024,3,YOU CAN JOIN AFTER 12 HR,,,,,O,0,NO,NO,YES,19,760,10000
224,2046268079,OD GUNA,Nov-12-2024,INVITE BY EVIL YT,MEMBER,KICKED,FF,LEFT THE GUILD,Dec-28-2024,1,Average player,8685,8685,,,O,0,NO,NO,YES,46,1840,10000
225,8738185768,SRINU,Nov-12-2024,INVITE BY RAGHU,MEMBER,KICKED,FF,LOW POINT,Dec-10-2024,1,YOU CAN JOIN TODAY,340,340,,,O,0,NO,NO,YES,28,1120,10000
226,2827719278,MR HEEL PATEL,Nov-12-2024,INVITE BY ZEEL PATEL,MEMBER,KICKED,FF,0 POINTS,Dec-10-2024,5,YOU REACHED OF YOUR 50% KICKED LIMIT,1080,1080,,,O,0,NO,NO,YES,28,1120,10000
227,3108216588,VINKY,Dec-1-2024,RECOMMENDED,MEMBER,KICKED,FF,LEFT,Dec-4-2024,6,WARNING YOU HAVE TO NEED IMPROVEMENT,100,100,,,O,0,NO,NO,YES,3,120,10000
228,2347189683,GOPI RRR,Dec-1-2024,RECOMMENDED,MEMBER,KICKED,FF,3 DAYS OFFLINE,Dec-24-2024,1,Average player,1910,1910,,,O,0,NO,NO,YES,23,920,10000
229,1798567454,PRAVIN YT,Dec-1-2024,RECOMMENDED,MEMBER,KICKED,FF,3 DAYS OFFLINE,Feb-26-2025,1,Average player,12219,12219,,,O,0,NO,NO,YES,87,3480,10000
230,2337614715,TABAHI,Dec-1-2024,RECOMMENDED,MEMBER,KICKED,FF,LEFT THE GUILD,Dec-10-2024,8,YOU HAVE ONLY 2 CHANCE  TO IMPROVEMENT,806,806,,,O,0,NO,NO,YES,9,360,10000
231,2498456441,TOJOFAR,Dec-1-2024,RECOMMENDED,MEMBER,KICKED,FF,0 POINTS 10 DAYS OFLINE,Dec-19-2024,,STAY IN GUILD AND COMPLATE YOUR POINTS GOOD LUCK,2436,2436,,,O,0,NO,NO,YES,18,720,10000
232,3835621332,BRIGHTBOY,Dec-1-2024,RECOMMENDED,MEMBER,IN GUILD,FF,,,,STAY IN GUILD AND COMPLATE YOUR POINTS GOOD LUCK,12359,12359,,,O,0,NO,NO,YES,105,4200,10000
233,4550092471,ITS VK KS,Dec-1-2024,RECOMMENDED,MEMBER,KICKED,FF,LEFT,Dec-24-2024,,STAY IN GUILD AND COMPLATE YOUR POINTS GOOD LUCK,550,550,,,O,0,NO,NO,YES,23,920,10000
234,7041233324,BADMASKING,Dec-1-2024,RECOMMENDED,MEMBER,KICKED,FF,LEFT,Dec-6-2024,4,YOU CAN JOIN AFTER 1 DAY,910,910,,,O,0,NO,NO,YES,5,200,10000
235,2350020153,WILD LION,Dec-1-2024,RECOMMENDED,MEMBER,KICKED,FF,low point,Dec-30-2024,1,Average player,830,830,,,O,0,NO,NO,YES,29,1160,10000
236,2550775280,THE AYUSH,Dec-1-2024,RECOMMENDED,MEMBER,KICKED,FF,low point,Dec-30-2024,1,Average player,190,190,,,O,0,NO,NO,YES,29,1160,10000
237,2557397856,SK ARTHIK BOY,Dec-1-2024,RECOMMENDED,MEMBER,KICKED,FF,LEFT,Jan-27-2025,1,Average player,1805,1805,,,O,0,NO,NO,YES,57,2280,10000
238,3901919037,OP PRASAD YT,Dec-1-2024,RECOMMENDED,MEMBER,KICKED,FF,LEFT,Jan-27-2025,1,Average player,1196,1196,,,O,0,NO,NO,YES,57,2280,10000
239,4080214863,TG AJJU,Dec-1-2024,RECOMMENDED,MEMBER,KICKED,FF,INSUFFICIENT POINTS,Jan-27-2025,1,Average player,1804,1804,,,O,0,NO,NO,YES,57,2280,10000
240,4805073694,KUNAL 007,Dec-1-2024,RECOMMENDED,MEMBER,KICKED,FF,LEFT,Dec-6-2024,4,YOU CAN JOIN AFTER 1 DAY,820,820,,,O,0,NO,NO,YES,5,200,10000
241,6868634964,SK GAMER,Dec-1-2024,RECOMMENDED,MEMBER,KICKED,FF,LEFT,Dec-5-2024,3,YOU CAN JOIN AFTER 12 HR,870,870,,,O,0,NO,NO,YES,4,160,10000
242,7660344228,MISS4T,Dec-1-2024,RECOMMENDED,MEMBER,KICKED,FF,LEFT,Dec-24-2024,,STAY IN GUILD AND COMPLATE YOUR POINTS GOOD LUCK,3173,3173,,,O,0,NO,NO,YES,23,920,10000
243,7863785172,ROUNAK 1230,Dec-1-2024,RECOMMENDED,MEMBER,KICKED,FF,low point,Dec-30-2024,1,Average player,860,860,,,O,0,NO,NO,YES,29,1160,10000
244,7871121876,AIR 4S3S,Dec-1-2024,RECOMMENDED,MEMBER,KICKED,FF,kick,Jan-27-2025,1,Average player,2528,2528,,,O,0,NO,NO,YES,57,2280,10000
245,7904308377,TIGER,Dec-1-2024,RECOMMENDED,MEMBER,KICKED,FF,LEFT,Dec-4-2024,4,YOU CAN JOIN AFTER 1 DAY,110,110,,,O,0,NO,NO,YES,3,120,10000
246,8013706045,MR MANNU,Dec-1-2024,RECOMMENDED,MEMBER,KICKED,FF,LEFT,Dec-10-2024,6,WARNING YOU HAVE TO NEED IMPROVEMENT,220,220,,,O,0,NO,NO,YES,9,360,10000
247,8176978679,ANISH,Dec-1-2024,RECOMMENDED,MEMBER,KICKED,FF,low point,Dec-30-2024,1,Average player,1104,1104,,,O,0,NO,NO,YES,29,1160,10000
248,8332749980,IRIS3G3Q3,Dec-1-2024,RECOMMENDED,MEMBER,KICKED,FF,20D OFFLINE,Dec-24-2024,,STAY IN GUILD AND COMPLATE YOUR POINTS GOOD LUCK,2290,2290,,,O,0,NO,NO,YES,23,920,10000
249,9150233333,RTF BAAP JI,Dec-1-2024,RECOMMENDED,MEMBER,KICKED,FF,LEFT THE GUILD,Dec-30-2024,1,Average player,5119,5119,,,O,0,NO,NO,NO,29,1160,10000
250,10119629392,SPIDER-MAN,Dec-1-2024,RECOMMENDED,MEMBER,KICKED,FF,NOT SUFFICIENT POINT AS REQUIRED GUILD,Dec-30-2024,1,Average player,736,736,,,O,0,NO,NO,NO,29,1160,10000
251,9824598514,YEW0T8N9B0T2,Dec-2-2024,INVITE BY GOPI RRR,MEMBER,KICKED,FF,6 DAYS OFFLINE,May-20-2025,1,Average player,2820,2820,,,O,0,NO,NO,YES,169,6760,10000
252,9822448827,BA NOBITA,Dec-2-2024,RECOMMENDED,MEMBER,KICKED,FF,7 DAYS OFFLINE,Dec-29-2024,1,Average player,820,820,,,O,0,NO,NO,YES,27,1080,10000
253,1264004501,ALEX-7,Dec-4-2024,PROFILE,MEMBER,IN GUILD,FF,,,,STAY IN GUILD AND COMPLATE YOUR POINTS GOOD LUCK,5389,5389,,,O,0,NO,NO,YES,102,4080,10000
254,6835637385,BADMAS,Dec-4-2024,RECOMMENDED,MEMBER,KICKED,FF,LEFT,Dec-24-2024,,STAY IN GUILD AND COMPLATE YOUR POINTS GOOD LUCK,130,130,,,O,0,NO,NO,YES,20,800,10000
255,2439396197,I AM OGGY,Dec-4-2024,RECOMMENDED,MEMBER,KICKED,FF,LEFT THE GUILD,Dec-28-2024,1,Average player,70,70,,,O,0,NO,NO,YES,24,960,10000
256,9465055296,NG MK BOSS,Dec-7-2024,RECOMMENDED,MEMBER,KICKED,FF,LEFT,Dec-24-2024,,STAY IN GUILD AND COMPLATE YOUR POINTS GOOD LUCK,30,30,,,O,0,NO,NO,YES,17,680,10000
257,1386828383,NOOB D_E_E_P,Dec-8-2024,RECOMMENDED,MEMBER,KICKED,FF,LEFT,Dec-10-2024,9,YOU HAVE LAST CHANCE,,,,,O,0,NO,NO,YES,2,80,10000
258,9122395635,DEVIL BOY,Dec-9-2024,PROFILE,MEMBER,KICKED,FF,5 DAYS OFLINE,18/12/2024,1,10 DAYS OFLINE,,,,,O,0,0,NO,NO,-4709,-188360,10000
259,7186850953,DD ❤️ LOVE,Dec-10-2024,RECOMMENDED,MEMBER,KICKED,FF,low point,Dec-30-2024,1,Average player,590,590,0,0,O,0,NO,NO,YES,20,800,10000
260,5001253397,UP KINGS,Dec-11-2024,RECOMMENDED,MEMBER,KICKED,FF,0 POINTS 6 DAYS OFLINE,Dec-28-2024,1,Average player,0,0,0,0,O,0,NO,NO,NO,17,680,10000
261,8118985671,IND.KRISHNO,Dec-11-2024,RECOMMENDED,MEMBER,KICKED,FF,LEFT THE GUILD,Dec-19-2024,,STAY IN GUILD AND COMPLATE YOUR POINTS GOOD LUCK,0,0,0,0,O,0,NO,NO,YES,8,320,10000
262,9304381741,ME BLACK 444,Dec-11-2024,RECOMMENDED,MEMBER,KICKED,FF,ofline,Dec-18-2024,,STAY IN GUILD AND COMPLATE YOUR POINTS GOOD LUCK,0,0,0,0,O,0,NO,NO,YES,7,280,10000
263,9766020774,LUCK8U3N6O5,Dec-12-2024,INVITE BY DEVIL BOY,MEMBER,KICKED,FF,LEFT THE GUILD,Dec-29-2024,1,Average player,0,0,0,0,O,0,NO,NO,YES,17,680,10000
264,3329613787,MR LIPUN,Dec-13-2024,INVITE BY BA NOBITA,MEMBER,KICKED,FF,low point,Dec-30-2024,1,Average player,360,360,0,0,O,0,NO,NO,YES,17,680,10000
265,9638678803,DX REHAN,Dec-18-2024,RECOMMENDED,MEMBER,KICKED,FF,6 DAYS OFFLINE,Dec-26-2024,1,Average player,0,0,0,0,O,0,NO,NO,Yes,8,320,10000
266,6356712696,SAHNI BLACK,Dec-18-2024,RECOMMENDED,MEMBER,KICKED,FF,INSUFFICIENT POINTS,Jan-27-2025,1,Average player,666,666,0,0,O,0,NO,NO,Yes,40,1600,10000
267,2476497742,GOD LEGEND,Dec-19-2024,RECOMMENDED,MEMBER,KICKED,FF,LEFT,Dec-24-2024,,,0,0,0,0,O,0,NO,NO,Yes,5,200,10000
268,3354905539,NG BADAL,Dec-21-2024,RECOMMENDED,MEMBER,KICKED,FF,LEFT,Dec-26-2024,1,Average player,0,0,0,0,O,0,NO,NO,Yes,5,200,10000
269,8172713293,MR RAVI,Dec-21-2024,INVITE BY RTF BAAP JI,MEMBER,KICKED,FF,LEFT THE GUILD,Dec-30-2024,1,Average player,0,0,0,0,O,0,NO,NO,Yes,9,360,10000
270,10076336508,THE DEAD,Dec-23-2024,RECOMMENDED,MEMBER,KICKED,FF,LEFT THE GUILD,Jan-27-2025,1,Average player,0,0,0,0,O,0,NO,NO,Yes,35,1400,10000
271,1960224656,AARYANn,Dec-23-2024,RECOMMENDED,MEMBER,KICKED,FF,LEFT,Jan-27-2025,1,Average player,0,0,0,0,O,0,NO,NO,Yes,35,1400,10000
272,2791895691,NX THOR,Dec-23-2024,PROFILE,MEMBER,KICKED,FF,LEFT THE GUILD,Dec-27-2024,1,Average player,0,0,0,0,O,0,NO,NO,Yes,4,160,10000
273,3361707588,AIMAANJ1630N,Dec-24-2024,INVITE BY RADHA YT,MEMBER,KICKED,FF,5 DAYS OFFLINE,Jan-23-2025,10,YOU ARE BAN FROM GUILD,0,0,0,0,O,0,NO,NO,Yes,30,1200,10000
274,10114515091,SMOKER,Dec-24-2024,RECOMMENDED,MEMBER,KICKED,FF,LEFT,Jan-27-2025,1,Average player,0,0,0,0,O,0,NO,NO,No,34,1360,10000
275,2677330276,MR YADAV JI,Dec-24-2024,RECOMMENDED,MEMBER,KICKED,FF,LEFT THE GUILD,Dec-25-2024,1,Average player,0,0,0,0,O,0,NO,NO,Yes,1,40,10000
276,2834188286,PARTME4206,Dec-24-2024,RECOMMEND,MEMBER,KICKED,FF,INSUFFICIENT POINTS,Jan-27-2025,1,Average player,453,453,0,0,O,0,NO,NO,Yes,34,1360,10000
277,2738538127,MR SHAHIL,Dec-25-2024,RECOMMENDED,MEMBER,KICKED,FF,left,Dec-26-2024,1,Average player,0,0,0,0,O,0,NO,NO,Yes,1,40,10000
278,9201410168,OPSKBRO,Dec-25-2024,RECOMMENDED,MEMBER,KICKED,FF,INSUFFICIENT POINTS,Jan-27-2025,1,Average player,1079,1079,0,0,O,0,NO,NO,Yes,33,1320,10000
279,8420721960,MUNNA,Dec-25-2024,RECOMMENDED,MEMBER,KICKED,FF,LEFT,Jan-20-2025,1,Average player,0,0,0,0,O,0,NO,NO,Yes,26,1040,10000
280,4104662491,_MANISH_1204,Dec-26-2024,RECOMMEND,MEMBER,KICKED,FF,24 DAYS OFLINE,Jan-27-2025,1,Average player,0,0,0,0,O,0,NO,NO,Yes,32,1280,10000
281,2750953218,NXT VANSH,Dec-26-2024,RECOMMEND,MEMBER,IN GUILD,FF,,,,,9009,9009,0,0,O,0,NO,NO,Yes,80,3200,10000
282,1872871888,TG CARPEDIEM,Dec-27-2024,RECOMMEND,MEMBER,KICKED,FF,INSUFFICIENT POINTS,Jan-27-2025,1,Average player,460,460,0,0,O,0,NO,NO,Yes,31,1240,10000
283,9422671741,MR RAJ,Dec-27-2024,RECOMMENDED,MEMBER,KICKED,FF,LEFT THE GUILD,Dec-29-2024,1,Average player,0,0,0,0,O,0,NO,NO,No,2,80,10000
284,2921860768,X RRR  YT,Dec-28-2024,RECOMMENDED,MEMBER,KICKED,FF,LEFT THE GUILD,Jan-27-2025,1,Average player,0,0,0,0,O,0,NO,NO,Yes,30,1200,10000
285,820055715,TNT,Dec-28-2024,RECOMMENDED,MEMBER,KICKED,FF,LEFT,Jan-27-2025,1,Average player,30,30,0,0,O,0,NO,NO,Yes,30,1200,10000
286,8124697937,MANGU YT²,Dec-28-2024,RECOMMENDED,MEMBER,IN GUILD,FF,,,,,11069,11069,0,0,O,0,NO,NO,Yes,78,3120,10000
287,2013141399,BFF PAPIYA,Dec-29-2024,RECOMMEND,MEMBER,KICKED,FF,LEFT,Jan-27-2025,1,Average player,0,0,0,0,O,0,NO,NO,Yes,29,1160,10000
288,4159827743,ANSH FF KING,Dec-29-2024,RECOMMENDED,MEMBER,KICKED,FF,LEFT THE GUILD,Dec-29-2024,1,Average player,0,0,0,0,O,0,NO,NO,Yes,0,0,10000
289,1727917174,FF AJAY 16,Dec-31-2024,RECOMMENDED,MEMBER,KICKED,FF,LEFT,Jan-27-2025,1,Average player,0,0,0,0,O,0,NO,NO,Yes,27,1080,10000
290,1162722159,H4X SIZIT,Dec-31-2024,RECOMMENDED,MEMBER,KICKED,FF,LEFT,Jan-20-2025,1,Average player,0,0,0,0,O,0,NO,NO,Yes,20,800,10000
291,3635507842,RAJU,Jan-1-2025,INVITE BY AARUSH 2M,MEMBER,KICKED,FF,6 DAYS OFFLINE,May-20-2025,1,Average player,1360,1360,0,0,O,0,NO,NO,Yes,139,5560,10000
292,8466757262,BITTU_500,Jan-27-2025,RECOMMEND,MEMBER,KICKED,FF,LEFT,Mar-16-2025,1,Average player,2529,2529,0,0,O,0,NO,NO,Yes,48,1920,10000
293,1508304873,RONNEY FF,Jan-27-2025,RECOMMENDED,MEMBER,KICKED,FF,INSUFFICIENT POINTS,Feb-17-2025,1,Average player,300,300,0,0,O,0,NO,NO,Yes,21,840,10000
294,3734522728,PAGAL MP40,Jan-27-2025,RECOMMENDED,MEMBER,KICKED,FF,LEFT,Jan-30-2025,1,Average player,0,0,0,0,O,0,NO,NO,Yes,3,120,10000
295,6255657993,RAISTAR?210,Jan-27-2025,RECOMMENDED,MEMBER,KICKED,FF,2 DAYS OFFLINE,May-20-2025,1,Average player,10,10,0,0,O,0,NO,NO,Yes,113,4520,10000
296,1539175330,MR JERRY⁰⁰⁷,Jan-27-2025,RECOMMENDED,MEMBER,KICKED,FF,7 DAYS OFFLINE & 0 POINTS,Oct-20-2025,1,Average player,360,360,0,0,O,0,NO,NO,Yes,266,10640,10000
297,2296599649,PRASANT1609E,Jan-27-2025,RECOMMEND,MEMBER,KICKED,FF,INSUFFICIENT POINTS,Feb-17-2025,1,Average player,760,760,0,0,O,0,NO,NO,Yes,21,840,10000
298,2299708754,CUTE BOY A+S,Jan-27-2025,RECOMMENDED,MEMBER,KICKED,FF,INSUFFICIENT POINTS,Feb-17-2025,1,Average player,510,510,0,0,O,0,NO,NO,Yes,21,840,10000
299,4415994353,SK SOURABH-4,Jan-27-2025,RECOMMENDED,MEMBER,KICKED,FF,5 DAYS OFFLINE,Jul-20-2025,1,Average player,540,540,0,0,O,0,NO,NO,Yes,174,6960,10000
300,4618044292,BAJARNG D,Jan-27-2025,RECOMMENDED,MEMBER,KICKED,FF,INSUFFICIENT POINTS,Feb-17-2025,1,Average player,100,100,0,0,O,0,NO,NO,Yes,21,840,10000
301,5495841911,CM_LABBI,Jan-27-2025,RECOMMENDED,MEMBER,KICKED,FF,2 DAYS OFFLINE,May-20-2025,1,Average player,50,50,0,0,O,0,NO,NO,Yes,113,4520,10000
302,5809425983,RDX_WARRIOR⁸RRE,Jan-27-2025,Recommended,MEMBER,KICKED,FF,LEFT,Jan-31-2025,1,Average player,0,0,0,0,O,0,NO,NO,Yes,4,160,10000
303,6756956609,FFKING348574,Jan-27-2025,RECOMMEND,MEMBER,KICKED,FF,LEFT,Mar-9-2025,1,Average player,2872,2872,0,0,O,0,NO,NO,Yes,41,1640,10000
304,6873429846,DRANB LUCKY ,Jan-27-2025,RECOMMENDED,MEMBER,KICKED,FF,INSUFFICIENT POINTS,Feb-17-2025,1,Average player,560,560,0,0,O,0,NO,NO,YES,21,840,10000
305,7290834121,AK SOHEL K,Jan-27-2025,RECOMMENDED,MEMBER,KICKED,FF,LEFT,Sep-20-2025,1,Average player,230,230,0,0,O,0,NO,NO,Yes,236,9440,10000
306,7384812940,YVER2D5C6,Jan-27-2025,RECOMMEND,MEMBER,KICKED,FF,5 DAYS  OFFLINE,May-20-2025,1,Average player,50,50,0,0,O,0,NO,NO,Yes,113,4520,10000
307,7543823987,SAUSHDBDE,Jan-27-2025,RECOMMEND,MEMBER,KICKED,FF,16 DAYS OFFLINE,Feb-24-2025,1,Average player,3566,3566,0,0,O,0,NO,NO,Yes,28,1120,10000
308,7989991977,UPKABOSS,Jan-27-2025,RECOMMENDED,MEMBER,KICKED,FF,LEFT,Mar-20-2025,1,Average player,0,0,0,0,O,0,NO,NO,Yes,52,2080,10000
309,8719478384,RICE STAR,Jan-27-2025,RECOMMENDED,MEMBER,KICKED,FF,INSUFFICIENT POINTS,Feb-17-2025,1,Average player,590,590,0,0,O,0,NO,NO,Yes,21,840,10000
310,8753468772,JAY)SHRIRAM,Jan-27-2025,RECOMMENDED,MEMBER,KICKED,FF,LEFT,Feb-17-2025,1,Average player,3022,3022,0,0,O,0,NO,NO,Yes,21,840,10000
311,9237210479,JASH,Jan-27-2025,RECOMMENDED,MEMBER,KICKED,FF,9 DAYS OFFLINE,May-20-2025,1,Average player,419,419,0,0,O,0,NO,NO,Yes,113,4520,10000
312,9274288092,ZENNET,Mar-4-2025,PROFILE,MEMBER,KICKED,FF,LEFT,Mar-12-2025,10,YOU ARE BAN FROM GUILD,0,0,0,0,O,0,NO,NO,Yes,8,320,10000
313,9289564054,RAISTARBALA,Jan-27-2025,RECOMMEND,MEMBER,KICKED,FF,INSUFFICIENT POINTS,Mar-10-2025,1,Average player,1470,1470,0,0,O,0,NO,NO,Yes,42,1680,10000
314,9875834821,#I'M SOUNYA#,Jan-27-2025,RECOMMENDED,MEMBER,KICKED,FF,5 DAYS OFFLINR,Oct-20-2025,1,Average player,380,380,0,0,O,0,NO,NO,Yes,266,10640,10000
315,9954973667,AADARSH9723,Jan-27-2025,RECOMMEND,MEMBER,KICKED,FF,LEFT,Jan-28-2025,1,Average player,0,0,0,0,O,0,NO,NO,Yes,1,40,10000
316,10297051275,LOYAL0J8G9@4,Jan-27-2025,RECOMMEND,MEMBER,KICKED,FF,3 DAYS OFFLINE,Oct-20-2025,1,Average player,410,410,0,0,O,0,NO,NO,Yes,266,10640,10000
317,10596862704,PUSPA,Jan-27-2025,RECOMMENDED,MEMBER,KICKED,FF,INSUFFICIENT POINTS,Feb-17-2025,1,Average player,730,730,0,0,O,0,NO,NO,Yes,21,840,10000
318,7033557508,HONEY5&5,Jan-27-2025,RECOMMENDED,MEMBER,KICKED,FF,INSUFFICIENT POINTS,Feb-17-2025,1,Average player,280,280,0,0,O,0,NO,NO,Yes,21,840,10000
319,7942554290,UIPKING,Jan-27-2025,RECOMMENDED,MEMBER,KICKED,FF,8 DAYS OFFLINE,May-20-2025,1,Average player,430,430,0,0,O,0,NO,NO,Yes,113,4520,10000
320,2825897165,ADARSH_9932,Feb-27-2025,RECOMMEND,MEMBER,KICKED,FF,7 DAYS OFFLINE,Mar-10-2025,2,Average player,0,0,0,0,O,0,NO,NO,Yes,11,440,10000
321,8511864829,WITH_444,Jan-28-2025,RECOMMENDED,MEMBER,KICKED,FF,LEFT,Jan-30-2025,1,Average player,0,0,0,0,O,0,NO,NO,Yes,2,80,10000
322,2023865452,PRO SINU,Feb-18-2025,RECOMMENDED,MEMBER,KICKED,FF,LEFT,Feb-27-2025,2,Average player,283,283,0,0,O,0,NO,NO,Yes,9,360,10000
323,8349722557,LOVER,Jan-30-2025,RECOMMENDED,MEMBER,KICKED,FF,2 DAYS OFFLINE,Oct-20-2025,1,Average player,0,0,0,0,O,0,NO,NO,Yes,263,10520,10000
324,2023246048,JAGUAR 444,Jan-31-2025,RECOMMENDED,MEMBER,KICKED,FF,INSUFFICIENT POINTS,Feb-17-2025,1,Average player,380,380,0,0,O,0,NO,NO,Yes,17,680,10000
325,2313909256,THURGA,Jan-31-2025,RECOMMENDED,MEMBER,KICKED,FF,INSUFFICIENT POINTS,Feb-17-2025,2,Average player,280,280,0,0,O,0,NO,NO,Yes,17,680,10000
326,2356483781,JAANI BHAI YT,Jan-31-2025,RECOMMENDED,MEMBER,KICKED,FF,INSUFFICIENT POINTS,Feb-17-2025,1,Average player,530,530,0,0,O,0,NO,NO,Yes,17,680,10000
327,8910668585,ANGRY_PRIME,Feb-1-2025,RECOMMEND,MEMBER,KICKED,FF,LEFT,Mar-20-2025,1,Average player,0,0,0,0,O,0,NO,NO,Yes,47,1880,10000
328,7150577044,TL GAMER BOY,Feb-1-2025,RECOMMENDED,MEMBER,KICKED,FF,LEFT,Feb-13-2025,1,Average player,350,350,0,0,O,0,NO,NO,Yes,12,480,10000
329,9143041852,MAXXTION,Feb-12-2025,RECOMMENDED,MEMBER,KICKED,FF,LEFT,Dec-20-2025,10,YOU ARE BAN FROM GUILD,0,0,0,0,O,0,NO,NO,Yes,311,12440,10000
330,9883806879,BADMASH 305,Feb-3-2025,RECOMMENDED,MEMBER,KICKED,FF,INSUFFICIENT POINTS,Feb-17-2025,1,Average player,500,500,0,0,O,0,NO,NO,Yes,14,560,10000
331,8327224402,DABANPASWN,Feb-4-2025,RECOMMEND,MEMBER,KICKED,FF,LEFT,Oct-20-2025,1,Average player,0,0,0,0,O,0,NO,NO,Yes,258,10320,10000
332,2583550635,TITEN,Feb-5-2025,RECOMMENDED,MEMBER,KICKED,FF,INSUFFICIENT POINTS,Feb-17-2025,1,Average player,320,320,0,0,O,0,NO,NO,No,12,480,10000
333,4972144545,SK SAMEER FF,Feb-5-2025,RECOMMENDED,MEMBER,KICKED,FF,INSUFFICIENT POINTS,Feb-17-2025,1,Average player,370,370,0,0,O,0,NO,NO,No,12,480,10000
334,10736973964,Gemini0T9P8J,Feb-5-2025,INVITE BY PRO SINU,MEMBER,KICKED,FF,INSUFFICIENT POINTS,Feb-17-2025,1,Average player,190,190,0,0,O,0,NO,NO,Yes,12,480,10000
335,7131423611,SHAHIMKIMG18,Feb-5-2025,RECOMMEND,MEMBER,KICKED,FF,INSUFFICIENT POINTS,Feb-17-2025,1,Average player,20,20,0,0,O,0,NO,NO,Yes,12,480,10000
336,2129811439,BAD BOY,Feb-6-2025,INVITED BY PRO SINU,MEMBER,KICKED,FF,INSUFFICIENT POINTS,Feb-17-2025,1,Average player,340,340,0,0,O,0,NO,NO,Yes,11,440,10000
337,1807977966,SHIVA FF,Feb-6-2025,RECOMMENDED,MEMBER,KICKED,FF,INSUFFICIENT POINTS,Mar-3-2025,1,Average player,900,900,0,0,O,0,NO,NO,Yes,25,1000,10000
338,6376225517,AYUSH,Feb-7-2025,INVITE BY PRO SINU,MEMBER,KICKED,FF,LEFT,Dec-20-2025,1,Average player,0,0,0,0,O,0,NO,NO,Yes,316,12640,10000
339,1879727994,SENORITA,Feb-7-2025,RECOMMEND,MEMBER,KICKED,FF,LEFT,Sep-20-2025,1,Average player,0,0,0,0,O,0,NO,NO,Yes,225,9000,10000
340,953981993,BOSS OSAID,Feb-7-2025,RECOMMENDED,MEMBER,KICKED,FF,LEFT,Feb-19-2025,1,Average player,410,410,0,0,O,0,NO,NO,Yes,12,480,10000
341,2608372864,TG LAXMAN,Feb-7-2025,RECOMMEND,MEMBER,IN GUILD,FF,,,,,1850,1850,0,0,O,0,NO,NO,Yes,37,1480,10000
342,7654203540,SK SAHANSHAH,Feb-9-2025,RECOMMENDED,MEMBER,KICKED,FF,LEFT,Dec-20-2025,1,Average player,0,0,0,0,O,0,NO,NO,Yes,314,12560,10000
343,1206391718,BHAI3516V,Feb-10-2025,INVITED BY PRO SINU,MEMBER,KICKED,FF,5 DAYS OFFLINE,Feb-24-2025,1,Average player,0,0,0,0,O,0,NO,NO,Yes,14,560,10000
344,2363885592,SCARY DAD,Feb-11-2025,RECOMMENDED,MEMBER,KICKED,FF,LEFT,Nov-20-2025,10,YOU ARE BAN FROM GUILD,0,0,0,0,O,0,NO,NO,Yes,282,11280,10000
345,2589504170,NAME_TYPE_NOT_DECODED,Feb-11-2025,RECOMMEND,MEMBER,KICKED,FF,4 DAYS OFFLINE,Feb-24-2025,1,Average player,0,0,0,0,O,0,NO,NO,Yes,13,520,10000
346,1270369113,FF GANGSTER,Feb-13-2025,INVITE BY PRO SINU,MEMBER,KICKED,FF,4 DAYS OFFLINE,Feb-24-2025,1,Average player,0,0,0,0,O,0,NO,NO,Yes,11,440,10000
347,4524164217,FLEXX HELL,Feb-16-2025,RECOMMENDED,MEMBER,KICKED,FF,LEFT,Mar-13-2025,1,Average player,610,610,0,0,O,0,NO,NO,No,25,1000,10000
348,1963207417,RAJESH,Feb-17-2025,RECOMMENDED,MEMBER,KICKED,FF,INSUFFICIENT POINTS,Mar-3-2025,1,Average player,180,180,0,0,O,0,NO,NO,Yes,14,560,10000
349,3512708170,MR JOKER,Feb-18-2025,RECOMMENDED,MEMBER,KICKED,FF,LEFT,Feb-25-2025,1,Average player,0,0,0,0,O,0,NO,NO,Yes,7,280,10000
350,8705330131,MR NAITIK 81,Feb-20-2025,RECOMMENDED,MEMBER,KICKED,FF,LEFT,Feb-20-2025,10,YOU ARE BAN FROM GUILD,0,0,0,0,O,0,NO,NO,Yes,0,0,10000
351,3769206760,KING_BOY,Feb-24-2025,RECOMMENDED,MEMBER,KICKED,FF,VIOLENCE OF RULE,Mar-9-2025,10,YOU ARE BAN FROM GUILD,0,0,0,0,O,0,NO,NO,Yes,13,520,10000
352,1508705347,BOOM,Feb-25-2025,RECOMMENDED,MEMBER,KICKED,FF,INSUFFICIENT POINTS,Mar-10-2025,1,Average player,100,100,0,0,O,0,NO,NO,Yes,13,520,10000
353,11206177261,Ava3X1L6r,Feb-27-2025,INVITED BY MOON YT,HELPER,KICKED,FF,9 DAYS OFFLINE,Mar-10-2025,1,Average player,0,0,0,0,O,0,NO,NO,Yes,11,440,10000
354,9904916497,TG_RK_TRAKE,Feb-28-2025,RECOMMEND,MEMBER,KICKED,FF,LEFT,Mar-1-2025,1,Average player,0,0,0,0,O,0,NO,NO,Yes,1,40,10000
355,2300442461,5STAR_GAMER,Feb-28-2025,RECOMMEND,MEMBER,KICKED,FF,INSUFFICIENT POINTS,Mar-10-2025,1,Average player,180,180,0,0,O,0,NO,NO,Yes,10,400,10000
356,6858274313,MR RAJPUT 999,Feb-28-2025,RECOMMENDED,MEMBER,KICKED,FF,INSUFFICIENT POINTS,Mar-10-2025,1,Average player,0,0,0,0,O,0,NO,NO,Yes,10,400,10000
357,8683236268,SB GORKHA,Feb-28-2025,RECOMMENDED,MEMBER,KICKED,FF,LEFT,Mar-2-2025,1,Average player,0,0,0,0,O,0,NO,NO,Yes,2,80,10000
358,483809372,SANKAR0237X,Feb-28-2025,INVET BY ZENNET,MEMBER,KICKED,FF,LEFT,Mar-8-2025,1,Average player,0,0,0,0,O,0,NO,NO,No,8,320,10000
359,6457287630,GAURAV,Mar-2-2025,RECOMMENDED,MEMBER,KICKED,FF,INSUFFICIENT POINTS,Mar-10-2025,1,Average player,50,50,0,0,O,0,NO,NO,Yes,8,320,10000
360,1684420456,CR7_SHIVAM,Mar-4-2025,RECOMMEND,MEMBER,IN GUILD,FF,,,,,0,0,0,0,O,0,NO,NO,No,12,480,10000
361,1330215464,SHANU,Mar-6-2025,RECOMMENDED,MEMBER,KICKED,FF,VIOLATION OF RULE,Mar-9-2025,10,YOU ARE BAN FROM GUILD,0,0,0,0,O,0,NO,NO,Yes,3,120,10000
362,4857477781,RJ VINAY,Mar-6-2025,INVITE BY MOON YT,MEMBER,IN GUILD,FF,,,,,0,0,0,0,O,0,NO,NO,Yes,10,400,10000
363,6750780497,DARK DIYAM,Mar-6-2025,RECOMMENDED,MEMBER,KICKED,FF,LEFT,Mar-14-2025,1,Average player,0,0,0,0,O,0,NO,NO,No,8,320,10000
364,7671886438,DARK KELLPRO 376,Mar-6-2025,RECOMMENDED,MEMBER,KICKED,FF,LEFT,Mar-7-2025,1,Average player,0,0,0,0,O,0,NO,NO,Yes,1,40,10000
365,8326140854,DANGER ZONE,Mar-7-2025,RECOMMENDED BY GUILD PROMOTION,MEMBER,KICKED,FF,LEFT,Mar-11-2025,1,Average player,0,0,0,0,O,0,NO,NO,Yes,4,160,10000
366,7725825431,GARIB 3,Mar-7-2025,INVITE BY MISS JERRY,MEMBER,IN GUILD,FF,,,,,0,0,0,0,O,0,NO,NO,Yes,9,360,10000
367,2492907032,PATEL,Mar-7-2025,INVITE BY EVIL YT,MEMBER,IN GUILD,FF,,,,,0,0,0,0,O,0,NO,NO,Yes,9,360,10000
368,2183006230,CRAZY HUNTER,Mar-8-2025,INVITE BY NOOB DADA 02,MEMBER,IN GUILD,FF,,,,,0,0,0,0,O,0,NO,NO,Yes,8,320,10000
369,7210043153,MONU,Mar-8-2025,RECOMMENDED,MEMBER,KICKED,FF,LEFT,Mar-10-2025,1,Average player,0,0,0,0,O,0,NO,NO,Yes,2,80,10000
370,9689296094,BADMASH,Mar-8-2025,RECOMMENDED,MEMBER,KICKED,FF,LEFT,Mar-8-2025,1,Average player,0,0,0,0,O,0,NO,NO,Yes,0,0,10000
371,9586065525,HI RA PUKA,Mar-9-2025,RECOMMENDED,MEMBER,KICKED,FF,LEFT,Mar-11-2025,1,Average player,0,0,0,0,O,0,NO,NO,Yes,2,80,10000
372,676190237,DINO,Mar-9-2025,INVITE BY EVIL YT & MOON YT,MEMBER,IN GUILD,FF,,,,,0,0,0,0,O,0,NO,NO,Yes,7,280,10000
373,10177400992,PIYUSH_6464,Mar-9-2025,RECOMMENDED,MEMBER,IN GUILD,FF,,,,,0,0,0,0,O,0,NO,NO,Yes,7,280,10000
374,2325657577,TAKSHRO5652H,Mar-10-2025,INVITE BY NOOB DADA 02,MEMBER,IN GUILD,FF,,,,,0,0,0,0,O,0,NO,NO,Yes,6,240,10000
375,7748712305,DO OR DIE,Mar-14-2025,RECOMMENDED,MEMBER,KICKED,FF,LEFT,Mar-16-2025,1,Average player,0,0,0,0,O,0,NO,NO,No,2,80,10000
376,1976153887,ISHU,Mar-16-2025,RECOMMENDED,MEMBER,KICKED,FF,USING ABUSING WORDS,Mar-16-2025,10,YOU ARE BAN FROM GUILD,0,0,0,0,O,0,NO,NO,Yes,0,0,10000
377,2002765034,SAHILSARKAR,Mar-16-2025,RECOMMEND,MEMBER,IN GUILD,FF,,,,,0,0,0,0,O,0,NO,NO,No,0,0,10000